Guassian noise stddev,Org1,OrgRP1,RPAgg1,RPAgg5
0.00,0.9952999949455261,0.9670000076293945,0.9918000102043152,0.9914000034332275
0.12,0.9944000244140625,0.9544000029563904,0.9907000064849854,0.9905999898910522
0.24,0.9754999876022339,0.8248000144958496,0.9641000032424927,0.9787999987602234
0.36,0.7692000269889832,0.5601999759674072,0.7505999803543091,0.9003000259399414
0.48,0.45579999685287476,0.3747999966144562,0.4742000102996826,0.679099977016449
0.60,0.25,0.259799987077713,0.27079999446868896,0.4196999967098236
0.72,0.15369999408721924,0.20419999957084656,0.1808999925851822,0.26579999923706055
