Guassian noise stddev,Org1,OrgRP1,RPAgg1,RPAgg5
0.00,0.022800255927236324,0.17945700543499452,0.03472026324839371,0.0367810722795881
0.12,0.024529423409925432,0.22884872327686406,0.0357447927614942,0.03802917850270752
0.24,0.08444358164817385,0.8583552320390939,0.11354528856338583,0.07822090193528856
0.36,1.0789614378929138,3.214964813232422,0.9058062024116517,0.34675580238215625
0.48,3.759937432861328,5.8204839897155765,2.816638072967529,1.305620219039917
0.60,6.622174940490723,7.817202279663086,5.179201272583008,2.9725930458068848
0.72,8.88926185913086,9.249061447143555,7.096590118408203,4.61519822883606
