Guassian noise stddev,OR1,ORS1,ORSAgg1,ORSAggC4,ORSAggC10,ORSAggV4
0.00,0.9107000231742859,0.8774999976158142,0.9036999940872192,0.9021999835968018,0.8989999890327454,0.902999997138977
0.12,0.7468000054359436,0.7979999780654907,0.8309999704360962,0.8439000248908997,0.781000018119812,0.8590999841690063
0.24,0.3212999999523163,0.5662000179290771,0.5598999857902527,0.6435999870300293,0.42340001463890076,0.620199978351593
0.36,0.14020000398159027,0.36730000376701355,0.3068000078201294,0.38530001044273376,0.23190000653266907,0.33899998664855957
0.48,0.11420000344514847,0.25220000743865967,0.17679999768733978,0.21199999749660492,0.15230000019073486,0.19339999556541443
0.60,0.10689999908208847,0.2029999941587448,0.13740000128746033,0.1477999985218048,0.12250000238418579,0.1356000006198883
0.72,0.10409999638795853,0.17509999871253967,0.12439999729394913,0.1274999976158142,0.11230000108480453,0.11540000140666962
