Guassian noise stddev,OR1,ORS1,ORSAgg1,ORSAggC4,ORSAggC10,ORSAggV4
0.00,0.25871314043998717,0.3891104869663715,0.2830938814163208,0.31395154187977314,0.2794578516840935,0.2823358347594738
0.12,0.7704873011112213,0.6392823384523392,0.4840068546295166,0.46917967834472657,0.6295225156784058,0.39677997853755953
0.24,2.6931270603179933,1.635867017173767,1.443097453689575,1.2703786386489868,2.9723646137237547,1.2490950478553773
0.36,4.696574473571777,2.867331778335571,3.0186082218170167,3.051845474624634,5.807275730895996,3.2198288024902344
0.48,5.819393809509277,3.8207399223327636,4.587750049591064,5.117609687042236,7.915958529663086,5.219152884674072
0.60,6.450375643920898,4.461228456115722,5.719767147827149,6.575534996032715,9.158319618225098,6.746523957061767
0.72,6.831962043762207,4.892426448822022,6.488329722595215,7.452797804260254,9.926988906860352,7.807640840911866
