Shap-explainer,Simp-explainer
3812.3,2.5016746520996094
3829.3700000000003,2.388110637664795
3835.06,2.249440908432007