Guassian noise stddev,OR1,ORS1,ORSAgg1,ORSAggC4,ORSAggC10,ORSAggV4
0.00,0.022477773799766145,0.1481485796054636,0.03762474164634477,0.03570902901792597,0.046365862514299416,0.027562753334530864
0.12,0.023969783277367242,0.2240480642716866,0.05486040472062305,0.038564191042495075,0.045204122013359674,0.033459362546587365
0.24,0.10781778152696789,1.0090461843967438,0.30690932726562026,0.08601976768206805,0.059983876516949385,0.14636053307056426
0.36,1.005027721118927,2.4247824031829834,1.1925928637504577,0.456288991355896,0.3546050703704357,0.8706154295921326
0.48,2.4529840209960936,3.5045288543701174,2.2318746810913086,1.3559693578720093,1.436347931098938,2.0428516412734985
0.60,3.4387969646453858,4.164059474182129,3.034196557998657,2.1625245193481444,2.6276256923675536,3.021243514251709
0.72,4.092852047729492,4.583536276245117,3.564290651321411,2.663188988876343,3.4192220359802246,3.660716658782959
