Guassian noise stddev,OR1,ORS1,ORSAgg1,ORSAggC4,ORSAggC10,ORSAggV4
0.00,0.9926999807357788,0.9613999724388123,0.9879000186920166,0.9889000058174133,0.9900000095367432,0.9914000034332275
0.12,0.9926999807357788,0.9368000030517578,0.9817000031471252,0.9889000058174133,0.9894999861717224,0.9887999892234802
0.24,0.9646999835968018,0.7087000012397766,0.8896999955177307,0.9742000102996826,0.9829000234603882,0.9532999992370605
0.36,0.6416000127792358,0.44519999623298645,0.633400022983551,0.85589998960495,0.8773000240325928,0.6955999732017517
0.48,0.31470000743865967,0.2939999997615814,0.44850000739097595,0.5212000012397766,0.5048999786376953,0.36480000615119934
0.60,0.16459999978542328,0.2240000069141388,0.288100004196167,0.27709999680519104,0.2184000015258789,0.17730000615119934
0.72,0.11550000309944153,0.18649999797344208,0.19259999692440033,0.17409999668598175,0.12870000302791595,0.12060000002384186
