Guassian noise stddev,Org1,OrgRP1,RPAgg1,RPAgg5
0.00,0.3028438741989434,0.3414786265015602,0.39047378117814663,0.29818739888221024
0.12,0.6719235962867737,0.5362896689414978,0.7606462939500809,0.42871042393147946
0.24,2.2802701279640196,1.2940028789520264,2.442431862449646,1.0909573325157165
0.36,5.6811826778411865,2.451917553329468,4.938665738677979,2.7070507104873656
0.48,9.141136581420898,3.684990327835083,7.516039814758301,4.641562507629395
0.60,11.726015466308594,4.692983514404297,9.543454177093507,6.290263838195801
0.72,13.522544233703613,5.452508879089356,10.963935331726073,7.513608407592773
