Guassian noise stddev,Org1,OrgRP1,RPAgg1,RPAgg5
0.00,0.9248999953269958,0.8880000114440918,0.9072999954223633,0.9114999771118164
0.12,0.8361999988555908,0.8159000277519226,0.828499972820282,0.8689000010490417
0.24,0.5866000056266785,0.6169999837875366,0.6118000149726868,0.7113999724388123
0.36,0.32739999890327454,0.41690000891685486,0.4343000054359436,0.4738999903202057
0.48,0.19429999589920044,0.2856000065803528,0.30160000920295715,0.3131999969482422
0.60,0.1451999992132187,0.21770000457763672,0.21070000529289246,0.23579999804496765
0.72,0.12729999423027039,0.18549999594688416,0.16030000150203705,0.2085999995470047
